 [
  {"date": "2015-07-19T16:30:00", "amount": 90},
  {"date": "2015-07-19T17:00:00", "amount": 90},
  {"date": "2015-07-19T17:30:00", "amount": 90},
  {"date": "2015-07-19T18:00:00", "amount": 90},
  {"date": "2015-07-19T18:30:00", "amount": 95},
  {"date": "2015-07-19T19:00:00", "amount": 100},
  {"date": "2015-07-19T19:30:00", "amount": 105},
  {"date": "2015-07-19T20:00:00", "amount": 110},
  {"date": "2015-07-19T20:30:00", "amount": 115},
  {"date": "2015-07-19T21:00:00", "amount": 118},
  {"date": "2015-07-19T21:30:00", "amount": 120},
  {"date": "2015-07-19T21:30:00", "amount": 140},
  {"date": "2015-07-19T21:30:00", "amount": 160},
  {"date": "2015-07-19T21:30:00", "amount": 180}
  ]
