{
  "images" : [
    {
      "idiom" : "watch",
      "filename" : "Bolus Icon 42mm.pdf"
    },
    {
      "idiom" : "watch",
      "screen-width" : "<=145"
    },
    {
      "idiom" : "watch",
      "screen-width" : ">161"
    },
    {
      "idiom" : "watch",
      "screen-width" : ">145"
    },
    {
      "idiom" : "watch",
      "screen-width" : ">183"
    },
    {
      "idiom" : "watch",
      "scale" : "2x"
    },
    {
      "idiom" : "watch",
      "filename" : "Bolus icon 38mm.png",
      "screen-width" : "<=145",
      "scale" : "2x"
    },
    {
      "idiom" : "watch",
      "scale" : "2x",
      "screen-width" : ">161"
    },
    {
      "idiom" : "watch",
      "scale" : "2x",
      "screen-width" : ">145"
    },
    {
      "idiom" : "watch",
      "scale" : "2x",
      "screen-width" : ">183"
    }
  ],
  "info" : {
    "version" : 1,
    "author" : "xcode"
  },
  "properties" : {
    "template-rendering-intent" : "template",
    "auto-scaling" : "auto"
  }
}