[
    {
        "unit" : "mg/dL",
        "date" : "2018-11-04T22:04:55",
        "value" : -1.1368683772161603e-13
    },
    {
        "unit" : "mg/dL",
        "date" : "2018-11-04T22:14:57",
        "value" : -0.0094611525104451033
    },
    {
        "unit" : "mg/dL",
        "date" : "2018-11-04T22:19:57",
        "value" : 0.0019644458634804352
    },
    {
        "unit" : "mg/dL",
        "date" : "2018-11-04T22:24:57",
        "value" : 0.00073232857083116443
    },
    {
        "unit" : "mg/dL",
        "date" : "2018-11-04T22:29:56",
        "value" : 0.0022866716409151167
    },
    {
        "unit" : "mg/dL",
        "date" : "2018-11-04T22:34:56",
        "value" : 0.0028021733698979645
    },
    {
        "unit" : "mg/dL",
        "date" : "2018-11-04T22:39:56",
        "value" : 0.018195308494359352
    },
    {
        "unit" : "mg/dL",
        "date" : "2018-11-04T22:44:56",
        "value" : 0.0024529350080388923
    },
    {
        "unit" : "mg/dL",
        "date" : "2018-11-04T22:49:55",
        "value" : 0.0036502555974236017
    },
    {
        "unit" : "mg/dL",
        "date" : "2018-11-04T22:54:55",
        "value" : -7.277402006611311e-05
    },
    {
        "unit" : "mg/dL",
        "date" : "2018-11-04T22:59:55",
        "value" : 0.0055672376988793459
    },
    {
        "unit" : "mg/dL",
        "date" : "2018-11-04T23:04:56",
        "value" : -0.010451697394595172
    },
    {
        "unit" : "mg/dL",
        "date" : "2018-11-04T23:09:56",
        "value" : -0.018482730688845983
    },
    {
        "unit" : "mg/dL",
        "date" : "2018-11-04T23:14:55",
        "value" : 0.021204045571094454
    },
    {
        "unit" : "mg/dL",
        "date" : "2018-11-04T23:19:55",
        "value" : 0.012918462931388319
    },
    {
        "unit" : "mg/dL",
        "date" : "2018-11-04T23:24:56",
        "value" : -0.014484070244882297
    },
    {
        "unit" : "mg/dL",
        "date" : "2018-11-04T23:29:56",
        "value" : -0.0079464884519797607
    },
    {
        "unit" : "mg/dL",
        "date" : "2018-11-04T23:34:56",
        "value" : -5.6849752379406482e-05
    },
    {
        "unit" : "mg/dL",
        "date" : "2018-11-04T23:39:56",
        "value" : 0.0084495379964479866
    },
    {
        "unit" : "mg/dL",
        "date" : "2018-11-04T23:44:55",
        "value" : 0.031827430545668278
    },
    {
        "unit" : "mg/dL",
        "date" : "2018-11-04T23:49:56",
        "value" : -0.065091813152211131
    },
    {
        "unit" : "mg/dL",
        "date" : "2018-11-04T23:54:56",
        "value" : 0.024731843525071184
    },
    {
        "unit" : "mg/dL",
        "date" : "2018-11-04T23:59:55",
        "value" : 0.019220330095549798
    },
    {
        "unit" : "mg/dL",
        "date" : "2018-11-05T00:04:55",
        "value" : 0.013028388816419323
    },
    {
        "unit" : "mg/dL",
        "date" : "2018-11-05T00:09:56",
        "value" : 3.1710332293072492
    },
    {
        "unit" : "mg/dL",
        "date" : "2018-11-05T00:14:55",
        "value" : -1.0134442613965238
    },
    {
        "unit" : "mg/dL",
        "date" : "2018-11-05T00:19:55",
        "value" : -0.27217948941131276
    },
    {
        "unit" : "mg/dL",
        "date" : "2018-11-05T00:24:56",
        "value" : -1.1356500863269545
    },
    {
        "unit" : "mg/dL",
        "date" : "2018-11-05T00:29:55",
        "value" : -0.59943188523464563
    },
    {
        "unit" : "mg/dL",
        "date" : "2018-11-05T00:34:56",
        "value" : -1.0530531688120348
    },
    {
        "unit" : "mg/dL",
        "date" : "2018-11-05T00:39:55",
        "value" : -0.97579372857775937
    },
    {
        "unit" : "mg/dL",
        "date" : "2018-11-05T00:44:55",
        "value" : -0.51223490868951593
    },
    {
        "unit" : "mg/dL",
        "date" : "2018-11-05T00:49:56",
        "value" : -0.078809712833281864
    },
    {
        "unit" : "mg/dL",
        "date" : "2018-11-05T00:54:55",
        "value" : -0.96803329031898322
    },
    {
        "unit" : "mg/dL",
        "date" : "2018-11-05T00:59:55",
        "value" : -0.10196374170643985
    },
    {
        "unit" : "mg/dL",
        "date" : "2018-11-05T01:04:56",
        "value" : -0.71036592468620263
    }
]
