{
  "images" : [
    {
      "idiom" : "watch",
      "filename" : "Icon-Complication-16x16@2x.png",
      "screen-width" : "<=145",
      "scale" : "2x"
    },
    {
      "idiom" : "watch",
      "filename" : "Icon-Complication-18x18@2x.png",
      "screen-width" : ">161",
      "scale" : "2x"
    },
    {
      "idiom" : "watch",
      "scale" : "2x",
      "screen-width" : ">145"
    },
    {
      "idiom" : "watch",
      "scale" : "2x",
      "screen-width" : ">183"
    }
  ],
  "info" : {
    "version" : 1,
    "author" : "xcode"
  }
}