[
    {
        "unit" : "mg/dL",
        "date" : "2018-11-04T22:09:55",
        "value" : 3.0
    },
    {
        "unit" : "mg/dL",
        "date" : "2018-11-04T22:14:55",
        "value" : 3.0
    },
    {
        "unit" : "mg/dL",
        "date" : "2018-11-04T22:19:55",
        "value" : 3.0
    },
    {
        "unit" : "mg/dL",
        "date" : "2018-11-04T22:24:55",
        "value" : 3.0
    },
    {
        "unit" : "mg/dL",
        "date" : "2018-11-04T22:29:55",
        "value" : 3.0
    },
    {
        "unit" : "mg/dL",
        "date" : "2018-11-04T22:34:55",
        "value" : 3.0
    },
    {
        "unit" : "mg/dL",
        "date" : "2018-11-04T22:39:55",
        "value" : 3.0
    },
    {
        "unit" : "mg/dL",
        "date" : "2018-11-04T22:44:55",
        "value" : 3.0
    },
    {
        "unit" : "mg/dL",
        "date" : "2018-11-04T22:49:55",
        "value" : 3.0
    },
    {
        "unit" : "mg/dL",
        "date" : "2018-11-04T22:54:55",
        "value" : 3.0
    },
    {
        "unit" : "mg/dL",
        "date" : "2018-11-04T22:59:55",
        "value" : 3.0
    },
    {
        "unit" : "mg/dL",
        "date" : "2018-11-04T23:04:55",
        "value" : 3.0
    },
    {
        "unit" : "mg/dL",
        "date" : "2018-11-04T23:09:55",
        "value" : 3.0
    },
    {
        "unit" : "mg/dL",
        "date" : "2018-11-04T23:14:55",
        "value" : 3.0
    },
    {
        "unit" : "mg/dL",
        "date" : "2018-11-04T23:19:55",
        "value" : 3.0
    },
    {
        "unit" : "mg/dL",
        "date" : "2018-11-04T23:24:55",
        "value" : 3.0
    },
    {
        "unit" : "mg/dL",
        "date" : "2018-11-04T23:29:55",
        "value" : 3.0
    },
    {
        "unit" : "mg/dL",
        "date" : "2018-11-04T23:34:55",
        "value" : 3.0
    },
    {
        "unit" : "mg/dL",
        "date" : "2018-11-04T23:39:55",
        "value" : 3.0
    },
    {
        "unit" : "mg/dL",
        "date" : "2018-11-04T23:44:55",
        "value" : 3.0
    },
    {
        "unit" : "mg/dL",
        "date" : "2018-11-04T23:49:55",
        "value" : 3.0
    },
    {
        "unit" : "mg/dL",
        "date" : "2018-11-04T23:54:55",
        "value" : 3.0
    },
    {
        "unit" : "mg/dL",
        "date" : "2018-11-04T23:59:55",
        "value" : 3.0
    },
    {
        "unit" : "mg/dL",
        "date" : "2018-11-05T00:04:55",
        "value" : 3.0
    },
    {
        "unit" : "mg/dL",
        "date" : "2018-11-05T00:09:55",
        "value" : 3.0
    },
    {
        "unit" : "mg/dL",
        "date" : "2018-11-05T00:14:55",
        "value" : 3.0
    },
    {
        "unit" : "mg/dL",
        "date" : "2018-11-05T00:19:55",
        "value" : 3.0
    },
    {
        "unit" : "mg/dL",
        "date" : "2018-11-05T00:24:55",
        "value" : 3.0
    },
    {
        "unit" : "mg/dL",
        "date" : "2018-11-05T00:29:55",
        "value" : 3.0
    },
    {
        "unit" : "mg/dL",
        "date" : "2018-11-05T00:34:55",
        "value" : 3.0
    },
    {
        "unit" : "mg/dL",
        "date" : "2018-11-05T00:39:55",
        "value" : 3.0
    },
    {
        "unit" : "mg/dL",
        "date" : "2018-11-05T00:44:55",
        "value" : 3.0
    },
    {
        "unit" : "mg/dL",
        "date" : "2018-11-05T00:49:55",
        "value" : 3.0
    },
    {
        "unit" : "mg/dL",
        "date" : "2018-11-05T00:54:55",
        "value" : 3.0
    },
    {
        "unit" : "mg/dL",
        "date" : "2018-11-05T00:59:55",
        "value" : 3.0
    },
    {
        "unit" : "mg/dL",
        "date" : "2018-11-05T01:04:55",
        "value" : 3.0
    },
    {
        "unit" : "mg/dL",
        "date" : "2018-11-05T01:09:55",
        "value" : 3.0
    },
    {
        "unit" : "mg/dL",
        "date" : "2018-11-05T01:14:55",
        "value" : 3.0
    },
    {
        "unit" : "mg/dL",
        "date" : "2018-11-05T01:19:55",
        "value" : 3.0
    },
    {
        "unit" : "mg/dL",
        "date" : "2018-11-05T01:24:55",
        "value" : 3.0
    },
    {
        "unit" : "mg/dL",
        "date" : "2018-11-05T01:29:55",
        "value" : 3.0
    },
    {
        "unit" : "mg/dL",
        "date" : "2018-11-05T01:34:55",
        "value" : -30.0
    }
]
